,h_ratio,v_ratio
1,0.6084485711504481,0.7760395503139438
2,0.6084485711504481,0.7760395503139438
3,0.6155832834936187,0.7878279364314588
4,0.6149879904592307,0.7940211777766462
5,0.6149879904592307,0.7940211777766462
6,0.6155635168233469,0.7904582325577786
7,0.6268388894370047,0.7962772469576644
8,0.62108401644463,0.792368673387533
9,0.62108401644463,0.792368673387533
