,h_ratio,v_ratio
1,0.4580314374772011,0.6124300817302982
2,0.5113868725476393,0.603086240718308
3,0.5579042732956608,0.6025320516438166
4,0.5219893267481678,0.6142354293824029
5,0.5226934877346385,0.6263441578942298
6,0.5392249887428078,0.6278876912534769
7,0.521444310343587,0.6321182721195363
8,0.5220848501998181,0.6376544968121556
9,0.5314880641684988,0.6410455765272428
