,h_ratio,v_ratio
1,0.5449830838540054,0.6409165399972211
2,0.5644061848392484,0.6317321434439357
3,0.58390003429174,0.6215060836867872
4,0.573841722840113,0.627934652672835
5,0.57854439215667,0.6462294441945559
6,0.5904667600909833,0.651772564206872
7,0.5839151404626847,0.666574739812787
8,0.5843592749296932,0.6712890327025001
9,0.5895952137198035,0.6696010263297072
