,h_ratio,v_ratio
1,0.3956858405007179,0.6533900146980643
2,0.49260727840772284,0.6301904616013069
3,0.5550291988921437,0.6185963373860641
4,0.5127600098158769,0.6255164594975514
5,0.5154889026643145,0.6323555905973269
6,0.5391590753452117,0.6341354179681252
7,0.5218766140587529,0.6409304737230423
8,0.5148819027506037,0.6491599521734304
9,0.5204042674383178,0.6509655368280924
