,h_ratio,v_ratio
1,0.4874791842135372,0.7329058100122718
2,0.5351615761942402,0.7329591482352696
3,0.5787520060085303,0.7292152593751363
4,0.5541596165228507,0.7393685363329546
5,0.5584384380772413,0.7432856180261112
6,0.5697339903920192,0.7402941940568869
7,0.5523286434573336,0.7446531121599801
8,0.5449102099829338,0.7466614596966574
9,0.5496296190343614,0.7536256470669003
