,h_ratio,v_ratio
1,0.6364539915613435,0.5984316028370907
2,0.6164675865471038,0.5660886870148263
3,0.5530753012939704,0.6255477280470244
4,0.5478895812322216,0.6204223359083878
5,0.5301570900573866,0.5947036916992242
6,0.5323356135864759,0.5574381487185082
7,0.530278629636194,0.555909062905205
8,0.5285017569767896,0.5535054667598075
9,0.527995704600248,0.553075738230098
