,h_ratio,v_ratio
1,0.5011722441636287,0.5972065009647105
2,0.509355477513371,0.5891921080585173
3,0.5558103187390745,0.5838605782171523
4,0.5376257458365837,0.594932658370986
5,0.5348348065302605,0.5989972848765992
6,0.5523044946202929,0.5997563065479082
7,0.5415369706170461,0.6079713041301428
8,0.5386662134432305,0.6109537899453905
9,0.5485476070314547,0.6125123537676924
