,h_ratio,v_ratio
1,0.4102549151528744,0.671479264782836
2,0.5103822685572906,0.6407401793608686
3,0.6067205443451621,0.6555327863020176
4,0.5612346676412336,0.6767115590783316
5,0.5629598029433344,0.6773320247004472
6,0.5953536790719761,0.6824230575786607
7,0.5753203574779693,0.6971109495224549
8,0.5723787312945616,0.703994824191584
9,0.5912673370462856,0.7168888054489978
